<?xml version="1.0" encoding="UTF-8"?>
<project-private xmlns="http://www.netbeans.org/ns/project-private/1">
    <editor-bookmarks xmlns="http://www.netbeans.org/ns/editor-bookmarks/2" lastBookmarkId="0"/>
    <open-files xmlns="http://www.netbeans.org/ns/projectui-open-files/2">
        <group>
            <file>file:/C:/Users/ferna/Documents/ESCOM/8vo%20Semestre/Aplicaciones%20para%20Comunicaciones%20de%20Red/Multicast/src/main/CMulticast.java</file>
            <file>file:/C:/Users/ferna/Documents/ESCOM/8vo%20Semestre/Aplicaciones%20para%20Comunicaciones%20de%20Red/Multicast/src/main/SMulticast.java</file>
            <file>file:/C:/Users/ferna/Documents/ESCOM/8vo%20Semestre/Aplicaciones%20para%20Comunicaciones%20de%20Red/Multicast/src/main/CMulticast1.java</file>
        </group>
    </open-files>
</project-private>
